,image,description
0,0#3203.jpg,white|no pattern|woman|summer|shirt|short sleeves|white||woman||||
1,0#3204.jpg,red|no pattern|woman|summer|shirt|short sleeves|||||||
2,0#000297.jpg,black|no pattern|man|summer|shirt|short sleeves|||||||
3,0#000276.jpg,black||man|summer|shirt|short sleeves|||||||
4,0#000255.jpg,black|floral|woman|summer|shirt|short sleeves|||||||
5,0#000225.jpg,green|no pattern||summer|shirt|short sleeves|||||||
6,0#000266.jpg,black|striped|woman|summer|shirt|short sleeves|||||||
7,0#000207.jpg,gray||man|summer|shirt|short sleeves|||||||
8,0#000223.jpg,||||shirt||||woman||||
9,0#000242.jpg,white|no pattern|man|summer|shirt|short sleeves|||||||
10,0#000237.jpg,white|no pattern||summer|shirt|short sleeves|||||||
11,0#000224.jpg,white|striped||summer|shirt|short sleeves|||||||
12,0#000162.jpg,|no pattern||summer|shirt|short sleeves|||||||
13,0#000216.jpg,white|no pattern|woman|summer||short sleeves|||||||
14,0#000206.jpg,red|checker|woman|spring|shirt|long sleeves|||||||
15,0#000197.jpg,black|checker|woman|spring|shirt|long sleeves|||||||
16,0#000165.jpg,red|no pattern|woman|summer||short sleeves|||||||
17,0#000175.jpg,white|no pattern|woman|summer|shirt|short sleeves|||||||
18,0#000156.jpg,pink|no pattern|woman|summer|shirt|short sleeves|||||||
19,0#000161.jpg,red|no pattern|woman|summer|shirt|short sleeves|||||||
20,0#000133.jpg,navy|no pattern|man|summer|shirt|short sleeves|||||||
21,0#000146.jpg,green|no pattern|woman|summer|shirt|long sleeves|||||||
22,0#000152.jpg,||man||shirt||||woman||||
23,0#000131.jpg,black|no pattern|man|summer|shirt|short sleeves|||||||
24,0#000129.jpg,black|no pattern|man|summer|shirt|short sleeves|||||||
25,0#000130.jpg,|||summer|||||||||
26,0#0007.jpg,black|no pattern|man|summer|shirt|short sleeves|||||||
27,0#00061.jpg,blue|no pattern|woman|summer|shirt|short sleeves|||||||
28,0#000111.jpg,orange|no pattern|woman|summer|shirt|long sleeves|||||||
29,0#00079.jpg,brown|no pattern|woman|summer|shirt|short sleeves|||||||
30,0#00055.jpg,brown|no pattern|woman|summer|shirt|short sleeves|||||||
31,0#00097.jpg,red|no pattern|woman|summer|shirt|long sleeves|||||||
32,0#00017.jpg,red|no pattern|man|summer|shirt|short sleeves|||||||
33,00c14cb27c2530d2d1f26b566cc204521b62cfb6.jpg,blue|checker|man|spring|shirt|long sleeves||||||pants|
34,0#00045.jpg,|no pattern|woman|summer|shirt|short sleeves|||||||
35,0#00038.jpg,pink|floral|woman|summer|shirt|short sleeves|||||||
36,0#0003215.jpg,white|no pattern|woman|summer|shirt|short sleeves|||||||
37,0#3215.jpg,white|no pattern|man|summer|shirt|short sleeves|||||||
38,0#3214.jpg,||man|summer|shirt|short sleeves|||||||
39,0#3210.jpg,white|no pattern|man|summer|shirt|short sleeves|||||||
40,0#0003210.jpg,||woman|summer|||||||||
41,0#3207.jpg,navy|no pattern|woman|summer|shirt|short sleeves|||||||
42,0#3208.jpg,red|dotted|woman|summer|shirt|no sleeves|||||||
43,0#3209.jpg,black|no pattern|man|summer|shirt|short sleeves|||||||
44,0#3206.jpg,black|no pattern|woman|summer|shirt|short sleeves|||||||
45,0#3205.jpg,gray|no pattern|man|summer|shirt|short sleeves|||||||
46,0#0003203.jpg,white|no pattern|woman|summer|shirt|short sleeves|||||||
47,0#000718.jpg,white|no pattern|man|summer|shirt|short sleeves|||||||
48,0#000660.jpg,blue|no pattern|man|summer|shirt|short sleeves|||||||
49,0#000737.jpg,gray||man|summer|shirt|short sleeves|||||||
50,0#000700.jpg,black||||||||||||
51,0#000710.jpg,brown|no pattern|man|summer|shirt|short sleeves|||||||
52,0#000692.jpg,white|no pattern|man|summer|shirt|short sleeves|||||||
53,0#000671.jpg,blue|checker|woman|spring|shirt|long sleeves|||||||
54,0#000699.jpg,gray|no pattern|woman|spring|shirt|long sleeves|||||||
55,0#000663.jpg,orange|no pattern|woman|summer|shirt|short sleeves|||||||
56,0#000642.jpg,beige|checker|woman|spring|shirt|long sleeves|||||||
57,0#000629.jpg,blue|no pattern|man|summer|shirt|short sleeves|||||||
58,0#000659.jpg,white|||summer||short sleeves|||woman||||
59,0#000593.jpg,brown|no pattern|woman|summer|shirt|short sleeves|||||||
60,0#000814.jpg,||||||brown||woman||||
61,0#000584.jpg,||||||||woman|||pants|
62,0#000589.jpg,brown|no pattern|woman|summer|shirt|short sleeves|||||||
63,0#000470.jpg,gray||man|summer|shirt|short sleeves|||||||
64,0#000497.jpg,white|no pattern|woman|summer|shirt|short sleeves||no pattern|woman|summer||pants|
65,0#000505.jpg,||woman|summer||short sleeves|||||||
66,0#000579.jpg,red|no pattern|man|summer|shirt|short sleeves|||||||
67,0#000573.jpg,white|checker|woman|spring|shirt|short sleeves|||||||
68,0#000520.jpg,black|no pattern|man|summer|shirt|short sleeves|||||||
69,0#000486.jpg,gray|striped|woman|summer|shirt|short sleeves|||||||
70,0#000502.jpg,gray|no pattern|woman|summer|shirt|short sleeves|||||||
71,0#000493.jpg,white|no pattern|man|summer|shirt|short sleeves|||||||
72,0#000464.jpg,beige|||spring||no sleeves|gray|no pattern|woman|||pants|
73,0#000481.jpg,red|striped|woman|autumn|shirt|long sleeves|||||||
74,0#000456.jpg,gray|no pattern|woman|summer|shirt|short sleeves|||woman|summer|||
75,0#000429.jpg,navy|no pattern|man|winter|parka|long sleeves|||||||
76,0#000395.jpg,|no pattern|man||||||woman||||
77,0#000411.jpg,white|floral|woman|summer|shirt|no sleeves|||woman||||
78,0#000421.jpg,||||||||||||
79,0#000421.jpg,||||||||woman||||
80,0#000352.jpg,black|floral|woman|summer|shirt|short sleeves|||||||
81,0#000418.jpg,gray|no pattern|woman|summer|shirt|short sleeves|||||||
82,0#000365.jpg,white|no pattern|woman|summer|shirt|short sleeves|||||||
83,0#000415.jpg,|||summer||short sleeves|||woman|summer||pants|
84,0#000406.jpg,black|no pattern|woman|autumn|shirt|long sleeves|||||||
85,0#000373.jpg,black|no pattern|woman|summer|shirt|short sleeves|||||||
86,0#000349.jpg,purple|no pattern|woman|summer|shirt|short sleeves|||||||
87,0#000336.jpg,black|no pattern|woman|spring|jacket|long sleeves|||||||
88,0#000330.jpg,navy|no pattern|man|summer|shirt|short sleeves|||||||
89,0#000335.jpg,black||||||||||||
90,0#000310.jpg,black|no pattern|woman|winter|vest|no sleeves|||||||
91,0#000309.jpg,black|no pattern|man|summer|shirt|short sleeves|||||||
92,0#0001178.jpg,black|no pattern|man|summer|shirt|short sleeves|||||||
93,0#0001151.jpg,black|no pattern|man|summer|shirt|short sleeves|||||||
94,0#0001173.jpg,|||summer||short sleeves|||||||
95,0#0001119.jpg,green|no pattern|woman|summer|shirt|short sleeves|||||||
96,0#0001075.jpg,|||summer|||black|no pattern|woman|||pants|
97,0#0001116.jpg,black||woman|summer|shirt||||||||
98,0#0001092.jpg,black|no pattern|man|summer|shirt|short sleeves|||||||
99,0#0001088.jpg,white|no pattern|woman|summer|shirt|short sleeves|||||||
100,0#0001099.jpg,blue|no pattern|man|spring|shirt|long sleeves|||||||
101,0#0001100.jpg,black|no pattern|man|summer|shirt|short sleeves|||||||
102,0#0001076.jpg,navy|no pattern|man|summer|shirt|short sleeves|||||||
103,0#0001087.jpg,mixed color|striped|||shirt||||||||
104,0#0001042.jpg,red|no pattern|woman|summer|shirt|short sleeves|||||||
105,0#0001022.jpg,black||woman|summer||short sleeves|||||||
106,0#0001055.jpg,gray|||summer|shirt|short sleeves|||||||
107,0#0001037.jpg,|||summer||short sleeves|||||||
108,0#0001059.jpg,black|||summer|shirt|short sleeves||||||pants|
109,0#0001025.jpg,brown|no pattern|woman|summer|shirt|short sleeves|||||||
110,0#0001012.jpg,||woman|summer|||||||||
111,0#0001051.jpg,white|striped|woman|summer|vest|no sleeves|||||||
112,0#000961.jpg,|striped||summer||short sleeves|||||||
113,0#0001002.jpg,pink||||||||||||
114,0#0001004.jpg,black|floral|woman|summer|shirt|no sleeves|||||||
115,0#000982.jpg,|||autumn|shirt|long sleeves|||||||
116,0#000989.jpg,yellow|no pattern|woman|summer|shirt|short sleeves|||||||
117,0#000952.jpg,black|||summer|||||||||
118,0#000918.jpg,black|no pattern|man|summer|shirt|short sleeves|||||||
119,0#000979.jpg,red|no pattern|woman|summer|shirt|short sleeves|||||||
120,0#000862.jpg,white|no pattern|man|summer|shirt|short sleeves|white|no pattern|woman|spring||pants|
121,0#000912.jpg,white|no pattern|woman|summer|shirt|short sleeves|||||||
122,0#000902.jpg,brown||woman|summer|shirt|short sleeves|||||||
123,0#000910.jpg,gray||man|summer|shirt|short sleeves|||||||
124,0#000875.jpg,||||||||||||
125,0#000863.jpg,red|no pattern|woman|spring|vest|no sleeves|||||||
126,0#000877.jpg,white|no pattern|woman|summer||short sleeves|||||||
127,0#000844.jpg,white|no pattern||||short sleeves|||||||
128,0#000820.jpg,black|no pattern|man|summer|shirt|short sleeves|||||||
129,0#000833.jpg,white|no pattern|man|summer|shirt|short sleeves|||||||
130,0#000813.jpg,black|dotted|woman|summer|shirt|no sleeves|||||||
131,0#000818.jpg,|no pattern||summer||short sleeves|||||||
132,0#000782.jpg,white|no pattern|woman|summer|shirt|short sleeves|||||||
133,0#000778.jpg,gray||man|summer|shirt|short sleeves|||||||
134,0#000760.jpg,|||||||||summer|||
135,0#000739.jpg,navy|floral||summer||short sleeves|||woman||||
136,0#000687.jpg,black|no pattern|man|summer|shirt|short sleeves|||||||
137,0#0001504.jpg,navy|||summer|shirt|short sleeves|||||||
138,0#0001524.jpg,black|no pattern|woman|summer|shirt|short sleeves|||||||
139,0#0001480.jpg,navy|no pattern|man|summer|shirt|short sleeves|||||||
140,0#0001501.jpg,black|no pattern|woman|summer|shirt|short sleeves|||||||
141,0#0001458.jpg,black||woman|summer|shirt|short sleeves|||||||
142,0#0001503.jpg,|no pattern||summer|shirt||||||||
143,0#0001465.jpg,navy|no pattern|woman|summer|shirt|short sleeves|||||||
144,0#0001413.jpg,black|no pattern|woman|winter|shirt|long sleeves|||||||
145,0#0001444.jpg,black|no pattern|man|summer|shirt|short sleeves|||||||
146,0#0001434.jpg,|no pattern||summer||short sleeves|||||||
147,0#0001419.jpg,|||summer|shirt|short sleeves|||woman|||pants|standing
148,0#0001416.jpg,black|no pattern|man|summer|shirt|short sleeves|||||||
149,0#0001430.jpg,gray|striped|man|summer|shirt|short sleeves|||||||
150,0#0001400.jpg,white|no pattern|man|summer|shirt|short sleeves|||||||
151,0#0001397.jpg,black|no pattern|man|summer|shirt|short sleeves|||||||
152,0#0001396.jpg,|||summer|shirt|short sleeves|||||||
153,0#0001367.jpg,|||summer|||||||||
154,0#0001375.jpg,red||woman|summer|shirt|short sleeves|||||||
155,0#0001345.jpg,blue||man|summer|shirt|short sleeves|||||||
156,0#0001324.jpg,red|checker|woman|spring|shirt|short sleeves|||||||
157,0#0001358.jpg,|||summer|shirt|short sleeves|||||||
158,0#0001302.jpg,|||summer||short sleeves|||||||
159,0#0001312.jpg,gray|no pattern|woman|summer|shirt|short sleeves|||||||
160,0#0001338.jpg,gray|no pattern|man|summer|shirt|short sleeves|||||||
161,0#0001307.jpg,||||||||||||
162,0#0001241.jpg,green|no pattern||summer|shirt|short sleeves|||||||
163,0#0001306.jpg,gray||woman|summer|shirt|short sleeves|||||||
164,0#0001210.jpg,gray|no pattern|man|summer|shirt|short sleeves|||||||
165,0#0001288.jpg,green||woman|||no sleeves|||||||
166,0#0001289.jpg,blue|no pattern|man|summer|shirt|short sleeves|||||||
167,0#0001266.jpg,black|no pattern|woman|summer|jacket|short sleeves|||||||
168,0#0001207.jpg,black|no pattern|woman|summer|shirt|short sleeves|||||||
169,0#0001190.jpg,||||||gray||woman|||pants|
170,0#0001121.jpg,navy|no pattern||autumn|shirt||||||||
171,0#0001186.jpg,red|no pattern|woman|summer|shirt|short sleeves|||||||
172,0#0001888.jpg,red|no pattern|man|spring|shirt|long sleeves|||||||
173,0#0001882.jpg,gray|striped|woman|summer|shirt|short sleeves|||||||
174,0#0001840.jpg,gray|striped|woman|summer|shirt|short sleeves|||||||
175,0#0001883.jpg,black||||||brown|no pattern|woman|autumn||pants|
176,0#0001802.jpg,mixed color|checker|man|spring|shirt|long sleeves|||||||
177,0#0001797.jpg,black|no pattern|woman|summer|shirt|short sleeves|||||||
178,0#0001866.jpg,gray|no pattern|man|summer|shirt|short sleeves|||man||||
179,0#0001823.jpg,blue|||summer|shirt|short sleeves|||||||
180,0#0001792.jpg,black|no pattern|man|autumn|shirt|long sleeves|||||||
181,0#0001714.jpg,gray|||summer|shirt|short sleeves|||||||
182,0#0001791.jpg,black|no pattern|woman|summer|shirt|short sleeves|||||||
183,0#0001774.jpg,navy|floral|woman|summer|shirt|short sleeves|||||||
184,0#0001734.jpg,black|no pattern|woman|summer|shirt|short sleeves|||||||
185,0#0001779.jpg,black|no pattern||summer||short sleeves|||||||
186,0#0001745.jpg,mixed color|custom pattern|woman|summer|shirt|short sleeves|||||||
187,0#0001720.jpg,|||summer|shirt|short sleeves||no pattern|woman|||pants|
188,0#0001719.jpg,navy|no pattern|woman|summer|shirt|short sleeves|||||||
189,0#0001656.jpg,gray|checker|man|spring|shirt|short sleeves|||||||
190,0#0001648.jpg,black|custom pattern|woman|summer|jacket|long sleeves|||||||
191,0#0001693.jpg,gray|custom pattern|woman|summer|shirt|short sleeves|||||||
192,0#0001684.jpg,gray||woman|summer|shirt|short sleeves|||||||
193,0#0001683.jpg,white|no pattern|woman|summer|shirt|short sleeves|||||||
194,0#0001650.jpg,black|floral|woman|summer|shirt|short sleeves|||||||
195,0#0001702.jpg,white|no pattern|man|summer|shirt|short sleeves|||||||
196,0#0001641.jpg,brown|striped|woman|summer|shirt|short sleeves|||||||
197,0#0001639.jpg,red|||summer|shirt||||||||
198,0#0001643.jpg,blue|no pattern|man|summer|shirt|short sleeves|||||||
199,0#0001638.jpg,||man|summer||short sleeves|||||||
200,0#0001602.jpg,black|striped|woman|summer|shirt|short sleeves|||||||
201,0#0001636.jpg,white||man|summer|shirt|short sleeves|||woman|||pants|
202,0#0001574.jpg,white|no pattern|woman|summer|shirt|short sleeves|||woman||||
203,0#0001616.jpg,green|||summer|shirt||||||||
204,0#0001580.jpg,black||man|summer||short sleeves|||||||
205,0#0001595.jpg,navy|no pattern|man|summer|shirt|short sleeves|||||||
206,0#0001584.jpg,red|no pattern|man|summer|shirt|short sleeves|||||||
207,0#0001539.jpg,black||||shirt|long sleeves|||||||
208,0#0001560.jpg,black|striped|woman|summer|shirt|short sleeves|||||||
209,0#0001525.jpg,navy||man|summer|shirt|short sleeves|||||||
210,0#0002259.jpg,navy|no pattern|man|summer|shirt|long sleeves|||||||
211,0#0002234.jpg,navy|no pattern|woman|summer|shirt|short sleeves|||||||
212,0#0002216.jpg,black|no pattern|woman|summer|shirt|short sleeves|||||||
213,0#0002230.jpg,black|||summer||short sleeves|||||||
214,0#0002206.jpg,red|no pattern|woman|summer|shirt|short sleeves|||||||
215,0#0002178.jpg,white|no pattern|woman|summer|shirt|short sleeves|||woman|||pants|
216,0#0002180.jpg,gray|floral|woman|spring|shirt|short sleeves|||||||
217,0#0002149.jpg,|no pattern|woman|summer|shirt||||woman||||
218,0#0002159.jpg,blue|no pattern|woman|summer|shirt|short sleeves|||||||
219,0#0002142.jpg,navy|checker|man|spring|shirt|long sleeves|||||||
220,0#0002112.jpg,red|no pattern|woman|summer|shirt|short sleeves|||||||
221,0#0002150.jpg,white|no pattern|woman|summer|shirt|short sleeves|||||||
222,0#0002158.jpg,gray|no pattern|man|summer|shirt|short sleeves|||||||
223,0#0002155.jpg,navy|dotted|woman|summer|shirt|short sleeves|||||||
224,0#0002120.jpg,black|no pattern|man|summer|shirt|short sleeves|||||||
225,0#0002093.jpg,black||man|summer||short sleeves|||||||
226,0#0002106.jpg,white|no pattern|man|spring|shirt|short sleeves|||||||
227,0#0002126.jpg,white|no pattern|woman|summer|shirt|short sleeves|||||||
228,0#0002123.jpg,black|no pattern|man|summer|shirt|long sleeves|||||||
229,0#0002078.jpg,gray|no pattern|woman|summer|shirt|short sleeves|||||||
230,0#0002089.jpg,white|striped|woman|spring|shirt|no sleeves|||||||
231,0#0002033.jpg,black|no pattern|man|summer|shirt|long sleeves|||||||
232,0#0002073.jpg,black|no pattern||summer|shirt|short sleeves|||||||
233,0#0002105.jpg,red|custom pattern|woman|autumn|shirt|long sleeves|||||||
234,0#0002069.jpg,beige|||autumn||long sleeves|||man|||pants|
235,0#0001970.jpg,black|no pattern|man|summer|shirt|short sleeves|||||||
236,0#0002063.jpg,|||summer|||||||||
237,0#0002027.jpg,pink|no pattern|woman|summer||short sleeves|||woman||||
238,0#0002037.jpg,blue|no pattern|man|summer|shirt|short sleeves|||||||
239,0#0002050.jpg,pink|no pattern|man|summer|shirt|short sleeves|||woman|||pants|
240,0#0001995.jpg,navy|no pattern|woman|autumn|jumper|long sleeves|||||||
241,0#0001964.jpg,white|no pattern|man|summer|shirt|short sleeves|||||||
242,0#0001961.jpg,brown|no pattern|woman|summer|shirt|short sleeves|||||||
243,0#0001983.jpg,black||||||||||||
244,0#0001953.jpg,white|no pattern|man|summer|shirt|short sleeves|||||||
245,0#0001954.jpg,gray|no pattern|woman|summer|shirt|long sleeves|||||||
246,0#0001951.jpg,white|no pattern|woman|summer|shirt|short sleeves|||||||
247,0#0001927.jpg,orange|floral|woman|summer|shirt|short sleeves|||||||
248,0#0001952.jpg,navy|no pattern|man|summer|shirt|short sleeves|||||||
249,0#0001895.jpg,white|no pattern|man|summer|shirt|short sleeves|||||||
250,0#0001942.jpg,black|no pattern|woman|summer|shirt|short sleeves|||||||
251,0#0001913.jpg,black|no pattern|woman|summer|shirt|short sleeves|||||||
252,0#0001909.jpg,gray|custom pattern|woman|spring|shirt|long sleeves|||||||
253,0#2645.jpg,black|no pattern|man|summer|shirt|short sleeves|||||||
254,0#0002636.jpg,black||||||||||||
255,0#2633.jpg,pink|no pattern|woman|summer|shirt|short sleeves|||||||
256,0#2634.jpg,black|no pattern|man|summer|shirt|short sleeves|||||||
257,0#2637.jpg,green|no pattern|man|summer|shirt|short sleeves|||||||
258,0#2632.jpg,blue|no pattern|man|summer|shirt|short sleeves|||||||
259,0#2630.jpg,blue|no pattern|man|summer|shirt|short sleeves|||||||
260,0#2635.jpg,blue|no pattern|man|summer|shirt|short sleeves|||||||
261,0#2631.jpg,black||man|summer|shirt|short sleeves|||woman|||pants|
262,0#2627.jpg,orange|no pattern|man|summer|shirt|short sleeves|||||||
263,0#0002602.jpg,navy|no pattern|woman|winter|jumper|long sleeves|||||||
264,0#0002556.jpg,white|no pattern|man|summer|shirt|short sleeves|||||||
265,0#2626.jpg,black|no pattern|man|summer|shirt|short sleeves|||||||
266,0#0002609.jpg,blue|checker|woman|spring|shirt|short sleeves|||||||
267,0#0002619.jpg,white|no pattern|woman|summer|shirt|short sleeves|||||||
268,0#0002571.jpg,orange|no pattern|woman|summer|shirt|short sleeves|||||||
269,0#0002567.jpg,navy|checker|woman|summer|shirt|short sleeves|||||||
270,0#0002550.jpg,white|no pattern||summer|||||woman||||
271,0#0002568.jpg,white|no pattern|woman|spring|shirt|short sleeves|||||||
272,0#0002570.jpg,black|no pattern||summer|shirt||||||||
273,0#0002566.jpg,white|no pattern|man|summer|shirt|short sleeves|||||||
274,0#0002529.jpg,black|no pattern|man|winter|shirt|short sleeves|||||||
275,0#0002534.jpg,|no pattern|woman|summer|shirt|short sleeves|||||||
276,0#0002460.jpg,white|no pattern|man|summer|shirt|short sleeves|||woman|||pants|
277,0#0002486.jpg,navy|custom pattern|man|winter|shirt|long sleeves|||||||
278,0#0002510.jpg,||||||||||||
279,0#0002507.jpg,black|no pattern|man|summer|shirt|short sleeves|black|no pattern|woman|summer||pants|
280,0#0002475.jpg,black|no pattern|woman|summer|shirt|short sleeves|||||||
281,0#0002474.jpg,black|custom pattern|woman|spring|shirt|long sleeves|||||||
282,0#0002438.jpg,red|no pattern|woman|summer|shirt|short sleeves|||||||
283,0#0002424.jpg,white|no pattern|woman|summer|shirt|short sleeves|||||||
284,0#0002457.jpg,white|||summer|shirt|short sleeves|||||||
285,0#0002451.jpg,white|floral|woman|summer|shirt|short sleeves|||||||
286,0#0002374.jpg,black||man|summer|shirt|short sleeves|||||||
287,0#0002444.jpg,|dotted|woman|summer|shirt|no sleeves|||||||
288,0#0002347.jpg,black|no pattern|man|summer|shirt|short sleeves|||||||
289,0#0002359.jpg,black|||summer|shirt|long sleeves|||||||
290,0#0002350.jpg,black||man|summer|shirt|short sleeves|||||||
291,0#0002360.jpg,black|no pattern|man|summer|shirt|short sleeves|||||||
292,0#0002349.jpg,black|no pattern|woman|summer|shirt|short sleeves|||||||
293,0#0002310.jpg,black|no pattern|man|summer|shirt|short sleeves|||||||
294,0#0002267.jpg,white|no pattern|woman|summer|shirt|short sleeves|||||||
295,0#0002295.jpg,black|||summer||short sleeves|||||||
296,0#0002326.jpg,black|no pattern|man|summer|shirt|short sleeves|||||||
297,0#0002283.jpg,white|custom pattern|woman|summer|shirt|short sleeves|||||||
298,0#0002251.jpg,mixed color|checker|woman|spring|shirt|long sleeves|||||||
299,0#0002270.jpg,navy|checker|woman|spring|shirt|long sleeves|||||||
300,0#2721.jpg,navy|no pattern|man|summer|shirt|short sleeves|||||||
301,0#2715.jpg,black|no pattern|man|summer|shirt|short sleeves|||||||
302,0#2706.jpg,white|no pattern|man|summer|shirt|short sleeves|||woman||||
303,0#2718.jpg,red|no pattern|woman|summer|shirt|short sleeves|||||||
304,0#2711.jpg,orange|no pattern|woman|summer|shirt|short sleeves|||||||
305,0#2709.jpg,navy|dotted|man|summer|shirt|short sleeves|||||||
306,0#2710.jpg,red|no pattern|woman|summer|shirt|short sleeves|||||||
307,0#2704.jpg,black|no pattern|man|summer|shirt|short sleeves|||||||
308,0#2707.jpg,blue|||summer|shirt|short sleeves|||woman|||pants|
309,0#2705.jpg,red|no pattern|woman|summer|shirt|short sleeves|||||||
310,0#2703.jpg,red|no pattern|man|summer|shirt|short sleeves|||||||
311,0#2700.jpg,orange|no pattern|man|summer|shirt|short sleeves|||||||
312,0#2697.jpg,gray|no pattern|man|summer|shirt|short sleeves|||||||
313,0#2699.jpg,black|no pattern|man|summer|shirt|short sleeves|||||||
314,0#2698.jpg,orange|floral|woman|spring|shirt|long sleeves|||||||
315,0#2690.jpg,pink|no pattern||summer||no sleeves|beige||woman||short||
316,0#2693.jpg,white|no pattern|woman|summer|shirt|short sleeves|||||||
317,0#2678.jpg,blue|floral|man|summer|shirt|short sleeves|||||||
318,0#0002677.jpg,black|no pattern|man|winter|shirt|long sleeves|||||||
319,0#2674.jpg,orange|no pattern|woman|summer|shirt|short sleeves|||||||
320,0#2689.jpg,green|no pattern|man|summer|shirt|short sleeves|||||||
321,0#2686.jpg,gray|no pattern|woman|summer|shirt|short sleeves|||||||
322,0#2684.jpg,orange|no pattern|woman|summer|shirt|short sleeves|||||||
323,0#2672.jpg,red|no pattern|woman|summer|shirt|short sleeves|||||||
324,0#2683.jpg,black||||||black||||||
325,0#2675.jpg,black|||summer||long sleeves|||||||
326,0#2673.jpg,black|no pattern|man|summer|shirt|short sleeves|||||||
327,0#2671.jpg,navy|no pattern|man|summer|shirt|short sleeves|||||||
328,0#2667.jpg,blue|no pattern|man|summer|shirt|short sleeves|||||||
329,0#2665.jpg,navy|no pattern|man|autumn|shirt|long sleeves|||||||
330,0#2668.jpg,blue|no pattern|man|summer|shirt|no sleeves|||||||
331,0#2653.jpg,gray|no pattern|man|summer|shirt|short sleeves|||||||
332,0#0002664.jpg,black|no pattern|man|summer|shirt|short sleeves|||||||
333,0#2662.jpg,white|floral|woman|autumn|shirt|long sleeves|||||||
334,0#2664.jpg,black|no pattern|man|summer|shirt|short sleeves|||||||
335,0#0002661.jpg,white|no pattern|man|summer|shirt|short sleeves|||||||
336,0#2660.jpg,white|custom pattern|woman|summer|shirt|short sleeves|||||||
337,0#2659.jpg,white|floral|woman|summer|shirt|short sleeves|||||||
338,0#0002658.jpg,|||summer|||black||woman|||pants|
339,0#2650.jpg,red|no pattern|man|winter|vest|no sleeves||no pattern|woman|||pants|
340,0#2646.jpg,blue|no pattern|woman|summer|shirt|short sleeves|||||||
341,0#2648.jpg,white|no pattern||summer|shirt|short sleeves|||||||
342,0#2654.jpg,black|floral|woman|summer|shirt|short sleeves||||||pants|
343,0#0002647.jpg,red|no pattern|woman|summer|shirt|short sleeves|||||||
344,0#2642.jpg,orange|no pattern|man|summer|shirt|short sleeves|||||||
345,0#2638.jpg,navy|no pattern|woman|summer|shirt|short sleeves|||||||
346,0#2644.jpg,white|no pattern|woman|summer|shirt|short sleeves|||||||
347,0#2790.jpg,black|no pattern|man|summer|shirt|short sleeves|||||||
348,0#2795.jpg,||man|summer|shirt|short sleeves||no pattern|woman|summer|short|pants|
349,0#0002797.jpg,white|no pattern|man|summer|shirt|short sleeves|||||||
350,0#2786.jpg,blue|no pattern|man|summer|shirt|short sleeves|||||||
351,0#2796.jpg,black|no pattern|man|summer|shirt|short sleeves|||||||
352,0#2788.jpg,orange|no pattern|woman|summer|shirt|short sleeves|||||||
353,0#2794.jpg,gray|no pattern|man|summer|shirt|short sleeves|||||||
354,0#2784.jpg,red||woman|summer|shirt|short sleeves|red||woman||||
355,0#2785.jpg,pink|no pattern|woman|summer|shirt|short sleeves|||||||
356,0#2789.jpg,white|no pattern|man|autumn|shirt|long sleeves|||||||
357,0#2782.jpg,red|no pattern|woman|summer|shirt|short sleeves|||||||
358,0#2779.jpg,white|no pattern|man|summer|shirt|short sleeves|||||||
359,0#2781.jpg,||man|summer|shirt|short sleeves|||||||
360,0#2783.jpg,|||summer|shirt||||||||
361,0#2778.jpg,black|no pattern|man|summer|shirt|short sleeves|||||||
362,0#2773.jpg,black|no pattern|woman|summer|shirt|short sleeves|||||||
363,0#2767.jpg,red|no pattern|man|summer|shirt|short sleeves|||||||
364,0#2777.jpg,orange|no pattern|man|summer|shirt|short sleeves|||||||
365,0#2770.jpg,blue||woman|summer|shirt|short sleeves|||||||
366,0#0002766.jpg,black|no pattern|man|summer|shirt|short sleeves|||||||
367,0#2774.jpg,red|floral|woman|summer|||||||||
368,0#2775.jpg,red|no pattern|woman|summer|shirt|short sleeves|||||||
369,0#2762.jpg,black|no pattern|man|summer|shirt|short sleeves|||||||
370,0#2768.jpg,black|no pattern|woman|summer|shirt|short sleeves|||woman||||
371,0#2756.jpg,white|no pattern|man|summer|shirt|short sleeves|||woman||||
372,0#0002762.jpg,pink|no pattern|woman|spring|shirt|short sleeves|||||||
373,0#2758.jpg,gray|no pattern|man|summer|shirt|short sleeves|||||||
374,0#2760.jpg,blue|no pattern|man|summer|shirt|short sleeves|||||||
375,0#2753.jpg,|striped|woman|||long sleeves|||woman|spring||pants|
376,0#2755.jpg,red|no pattern|woman|summer|shirt|long sleeves|||||||
377,0#0002752.jpg,black|no pattern|man|summer|shirt|short sleeves|||||||
378,0#2747.jpg,orange|no pattern|man|summer|shirt|short sleeves|||||||
379,0#2746.jpg,gray|custom pattern|man|summer|shirt|short sleeves|||||||
380,0#2745.jpg,navy|checker|man|summer|shirt|short sleeves|||||||
381,0#2739.jpg,pink|no pattern|woman|summer|shirt|short sleeves|||||||
382,0#2737.jpg,white|custom pattern|woman|summer|shirt|short sleeves|||||||
383,0#2751.jpg,yellow|floral|woman|summer|shirt|short sleeves|||||||
384,0#2736.jpg,black|striped|woman|summer|shirt|short sleeves|||||||
385,0#2734.jpg,black|no pattern|man|summer|shirt|short sleeves|||||||
386,0#2735.jpg,black|no pattern|man|summer|shirt|short sleeves|||||||
387,0#2733.jpg,white|no pattern|man|summer|shirt|short sleeves|||||||
388,0#2724.jpg,black|no pattern|man|summer|shirt|short sleeves|||||||
389,0#2731.jpg,green|||summer||short sleeves|brown||woman|autumn||pants|
390,0#2726.jpg,white|no pattern|man|summer|shirt|short sleeves||no pattern|woman|||pants|
391,0#2730.jpg,black|||summer|shirt|short sleeves|||||||
392,0#2728.jpg,red|no pattern|man|summer|shirt|short sleeves||no pattern|woman|summer||pants|
393,0#2727.jpg,orange|no pattern|woman|summer|shirt|short sleeves|||||||
394,0#2722.jpg,yellow|no pattern|man|summer|shirt|short sleeves|||||||
395,0#2725.jpg,blue|no pattern|man|summer|shirt|short sleeves|||||||
396,0#2713.jpg,red|striped|man|summer|shirt|short sleeves|||||||
397,0#2713.jpg,navy||man|summer|shirt|short sleeves|||||||
398,0#2720.jpg,yellow|no pattern|woman|summer|shirt|short sleeves|||||||
399,0#2719.jpg,black|no pattern|man|summer|shirt|short sleeves|||||||
400,0#2862.jpg,navy||man|summer|shirt|short sleeves|||woman||||
401,0#2855.jpg,white|no pattern|man|summer|shirt|short sleeves|||||||
402,0#2858.jpg,navy|striped|man|summer|shirt|short sleeves|||||||
403,0#2860.jpg,white|striped||summer|shirt|short sleeves|||||||
404,0#2849.jpg,red|no pattern|woman|summer|shirt|short sleeves|||||||
405,0#0002861.jpg,white|no pattern|man|spring|coat|short sleeves|||||||
406,0#2851.jpg,navy|no pattern|man|summer|shirt|short sleeves|||||||
407,0#2854.jpg,brown|no pattern|man|summer|shirt|short sleeves|||||||
408,0#2847.jpg,black|custom pattern|man|summer|shirt|short sleeves|||||||
409,0#2848.jpg,black|no pattern|man|summer|shirt|short sleeves|||||||
410,0#2852.jpg,gray|no pattern|man|summer|shirt|short sleeves|||||||
411,0#2845.jpg,gray|no pattern|man|summer|shirt|short sleeves|||||||
412,0#2844.jpg,red|no pattern|man|summer|shirt|short sleeves|||||||
413,0#2836.jpg,red|no pattern|woman|summer|shirt|short sleeves|||||||
414,0#2840.jpg,orange|no pattern|man|summer|shirt|short sleeves|||||||
415,0#2846.jpg,black|no pattern|man|summer|shirt|short sleeves|||||||
416,0#2841.jpg,red|no pattern|woman|summer|vest|short sleeves|||||||
417,0#2835.jpg,red|striped|woman|summer|shirt|short sleeves|||||||
418,0#2843.jpg,red|no pattern|woman|summer|shirt|short sleeves|||||||
419,0#2834.jpg,white|no pattern|man|summer|shirt|short sleeves|||||||
420,0#0002834.jpg,blue|||summer|shirt|short sleeves|||||||
421,0#2839.jpg,navy|no pattern|man|summer|shirt|short sleeves|||||||
422,0#2837.jpg,black|no pattern|man|summer|shirt|short sleeves|||||||
423,0#0002832.jpg,pink|no pattern|woman|summer|shirt|short sleeves|||||||
424,0#2833.jpg,blue|no pattern||summer||short sleeves|||woman||||
425,0#2831.jpg,pink|no pattern|woman|summer|shirt|short sleeves|||||||
426,0#2830.jpg,red|no pattern|man|summer|shirt|short sleeves|||||||
427,0#2828.jpg,black|no pattern|man|summer|shirt|short sleeves|||||||
428,0#0002819.jpg,navy||man|summer|shirt|short sleeves|||||||
429,0#2826.jpg,gray|no pattern|man|summer|shirt|short sleeves|||||||
430,0#2820.jpg,black|no pattern|man|summer|shirt|short sleeves|||||||
431,0#2827.jpg,black||woman|summer||short sleeves||||||pants|
432,0#2827.jpg,black||woman|summer|shirt|short sleeves|||woman|||pants|
433,0#2822.jpg,navy|striped|woman|summer|shirt|short sleeves|||||||
434,0#2825.jpg,black|no pattern|man|summer|shirt|short sleeves|||||||
435,0#2819.jpg,navy|custom pattern|man|summer|shirt|short sleeves|||||||
436,0#2818.jpg,black|||summer|shirt|short sleeves|||||||
437,0#2812.jpg,black|no pattern|man|summer|shirt|short sleeves|||||||
438,0#2815.jpg,black|no pattern|man|summer|shirt|short sleeves|||||||
439,0#2813.jpg,mixed color|striped|woman|summer|shirt|short sleeves|||||||
440,0#2808.jpg,orange|no pattern|woman|summer|shirt|short sleeves|||||||
441,0#0002814.jpg,gray|striped|woman|summer|shirt|short sleeves|||||||
442,0#0002812.jpg,gray|no pattern|man|summer|shirt|short sleeves|||||||
443,0#2806.jpg,|||summer||short sleeves|||||||
444,0#2803.jpg,blue|no pattern|man|summer|shirt|short sleeves|||||||
445,0#2811.jpg,navy|no pattern|man|summer|shirt|short sleeves|||woman|||pants|
446,0#2810.jpg,black|striped|woman|summer|shirt|short sleeves|||||||
447,0#2800.jpg,white|no pattern|man|summer|shirt|short sleeves|||||||
448,0#2805.jpg,white|no pattern|man|summer|shirt|short sleeves|||||||
449,0#2802.jpg,white|no pattern|woman||shirt|short sleeves|||woman|summer||pants|
450,0#2804.jpg,orange|no pattern|man|summer||short sleeves||||||pants|
451,0#2798.jpg,red|no pattern|woman|summer|shirt|short sleeves|||||||
452,0#2797.jpg,orange|no pattern|woman|summer|shirt|short sleeves|||||||
453,0#2917.jpg,white||man|summer|shirt|short sleeves|||woman||||
454,0#2916.jpg,white|no pattern|woman|summer|shirt|short sleeves|||||||
455,0#2909.jpg,red|no pattern|man|summer|shirt|short sleeves|||||||
456,0#2913.jpg,brown|no pattern|man|summer|shirt|short sleeves|||||||
457,0#2901.jpg,navy|no pattern|man|summer|shirt|short sleeves|||||||
458,0#2905.jpg,black||man|summer|shirt|short sleeves|||||||
459,0#2904.jpg,gray|no pattern|man|summer|shirt|short sleeves|||||||
460,0#0002909.jpg,black|no pattern|woman|autumn|shirt|long sleeves|black||||||
461,0#2902.jpg,blue|no pattern|man|summer|shirt|short sleeves|||||||
462,0#2903.jpg,red|no pattern|woman|summer|shirt|short sleeves|||||||
463,0#2896.jpg,orange|no pattern|woman|summer|shirt|no sleeves|||||||
464,0#2898.jpg,brown|no pattern|man|summer|shirt|short sleeves|||||||
465,0#2892.jpg,navy|no pattern|man|summer|shirt|short sleeves|||||||
466,0#2899.jpg,white|no pattern|man|summer|shirt|short sleeves|||||||
467,0#0002899.jpg,|checker|man|summer|shirt|short sleeves|||||||
468,0#2893.jpg,black|custom pattern|woman|autumn|shirt|short sleeves|black||||||
469,0#2897.jpg,red|no pattern|man|summer|shirt|short sleeves|||||||
470,0#0002895.jpg,gray||woman|summer|shirt|long sleeves|||||||
471,0#2891.jpg,black||man|summer||short sleeves|||woman|||pants|
472,0#2887.jpg,brown|no pattern|man|summer|shirt|short sleeves|||||||
473,0#2886.jpg,blue|striped|woman|summer|shirt|long sleeves|||woman||||
474,0#2889.jpg,pink|no pattern|woman|summer|shirt|short sleeves|||woman||||
475,0#2885.jpg,||man|||short sleeves|||||||
476,0#2879.jpg,black|no pattern|woman|summer|shirt|short sleeves|||||||
477,0#2880.jpg,navy||woman|summer|shirt|short sleeves|||||||
478,0#2883.jpg,orange|dotted|woman|summer|shirt|short sleeves|||||||
479,0#2873.jpg,red|no pattern|man|summer|shirt|short sleeves|||woman|||pants|
480,0#2884.jpg,blue|striped||summer|shirt|short sleeves|||||||
481,0#0002879.jpg,white|||summer|shirt|short sleeves|||woman|summer|short||
482,0#0002878.jpg,beige|floral|woman|summer|||||||||
483,0#2874.jpg,red|custom pattern|woman|winter|shirt|long sleeves|||||||
484,0#2876.jpg,gray|custom pattern|woman|summer|shirt|short sleeves|||||||
485,0#2877.jpg,black|no pattern|woman|summer|shirt|short sleeves|||||||
486,0#2871.jpg,black|no pattern|man|summer|shirt|short sleeves|||||||
487,0#0002871.jpg,gray||woman|summer||short sleeves|||woman||||
488,0#2870.jpg,orange|striped|woman|summer|shirt|short sleeves|||||||
489,0#2872.jpg,white|no pattern|woman|summer|shirt|short sleeves|||||||
490,0#2869.jpg,red|no pattern|woman|summer|shirt|short sleeves|||||||
491,0#2868.jpg,black|floral|man|summer|shirt|short sleeves|||||||
492,0#0002870.jpg,pink|checker|woman|summer|shirt|short sleeves|||||||
493,0#2863.jpg,mixed color||woman|summer|shirt|short sleeves|||||||
494,0#2864.jpg,||man|summer|shirt|short sleeves|||||||
495,0#2859.jpg,black|no pattern|man|summer|shirt|short sleeves|||||||
496,0#2865.jpg,black|no pattern|man|summer|shirt|short sleeves|||||||
497,0#2861.jpg,black|striped|woman|summer|shirt|short sleeves|||||||
498,0#2978.jpg,black|no pattern|woman|summer|shirt|short sleeves|||||||
499,0#2982.jpg,orange|no pattern|woman|summer|shirt|short sleeves|||||||
500,0#2976.jpg,gray|no pattern|man|summer|shirt|short sleeves|||||||
501,0#2972.jpg,blue|no pattern|man|summer|shirt|short sleeves|||||||
502,0#2968.jpg,black|striped|woman|summer|shirt|short sleeves|||||||
503,0#2973.jpg,black|no pattern|woman|summer|shirt|short sleeves|||||||
504,0#2962.jpg,yellow|dotted|woman|summer|shirt|short sleeves|||||||
505,0#0002967.jpg,black|no pattern|woman|summer|shirt|short sleeves|||||||
506,0#2967.jpg,gray|no pattern|woman|summer|shirt|short sleeves|||||||
507,0#2965.jpg,red||man|summer|shirt|short sleeves|||woman|||pants|
508,0#2964.jpg,blue|no pattern|woman|summer|shirt|short sleeves|||||||
509,0#2963.jpg,blue|striped|man|summer|shirt|short sleeves|||||||
510,0#2966.jpg,red|no pattern|woman|summer|shirt|short sleeves|red||||||
511,0#2959.jpg,orange|no pattern|woman|summer|shirt|short sleeves|||||||
512,0#2954.jpg,orange|no pattern|woman|summer|shirt|short sleeves|||||||
513,0#2957.jpg,blue|dotted|woman|summer|shirt|short sleeves|||||||
514,0#2958.jpg,navy|no pattern|man|summer|shirt|short sleeves|||||||
515,0#2952.jpg,black|no pattern|woman|summer|shirt|short sleeves|||||||
516,0#2953.jpg,navy|no pattern|man|summer|shirt|short sleeves|||||||
517,0#2955.jpg,navy|no pattern|man|summer|shirt|short sleeves|||||||
518,0#2950.jpg,white|no pattern|man|summer|shirt|short sleeves|||||||
519,0#2949.jpg,red|no pattern|man|summer|shirt|short sleeves|||||||
520,0#2938.jpg,red|no pattern|man|summer|shirt|short sleeves|||||||
521,0#2947.jpg,green|no pattern|man|summer|shirt|short sleeves|||||||
522,0#2943.jpg,black|no pattern|woman|summer|shirt|short sleeves|||||||
523,0#2944.jpg,black|||summer|shirt|short sleeves|||||||
524,0#2937.jpg,red|no pattern|man|summer|shirt|short sleeves|||||||
525,0#2928.jpg,white|no pattern||summer||short sleeves|white|no pattern|woman|spring|short|pants|
526,0#2935.jpg,black|no pattern|man|summer|shirt|short sleeves|||||||
527,0#2932.jpg,red|striped|woman|summer|shirt|long sleeves|||||||
528,0#2936.jpg,red|no pattern|man|summer|shirt|short sleeves|||||||
529,0#2925.jpg,black|no pattern|man|autumn|vest|long sleeves|||||||
530,0#0002930.jpg,red|no pattern|woman|summer|shirt||||||||
531,0#2926.jpg,orange|striped|woman|summer|shirt|short sleeves|||||||
532,0#2930.jpg,white|no pattern|woman|summer|shirt|short sleeves|||||||
533,0#2922.jpg,gray|custom pattern|woman|summer|shirt|short sleeves|||||||
534,0#2924.jpg,brown|no pattern|man|summer|shirt|short sleeves|||||||
535,0#2923.jpg,navy|||summer|shirt|short sleeves||no pattern|woman|||pants|
536,0#2919.jpg,black|||summer|shirt|short sleeves|||||||
537,0#0002922.jpg,gray|floral|woman|summer|shirt|short sleeves|||||||
538,0#2920.jpg,red|no pattern|man|summer|shirt|short sleeves|||woman|||pants|
539,0#2921.jpg,white|no pattern|man|summer|shirt|no sleeves|||||||
540,0#2921.jpg,yellow|no pattern|woman|summer|vest|no sleeves|||||||
541,0#2915.jpg,black|no pattern|man|summer|shirt|short sleeves|||||||
542,0#2914.jpg,navy|striped|man|summer|shirt|short sleeves|||||||
543,0#0002910.jpg,black|no pattern|man|summer|shirt|short sleeves|||||||
544,0#2906.jpg,orange|no pattern|woman|summer|shirt|short sleeves|||||||
545,0#0003020.jpg,black|no pattern|man|summer|shirt|short sleeves|||||||
546,0#3025.jpg,white|no pattern|man|summer|shirt|short sleeves|||||||
547,0#3021.jpg,blue|floral|woman|spring|shirt|long sleeves|||||||
548,0#3023.jpg,blue|no pattern|man|summer|shirt|short sleeves|||||||
549,0#0003023.jpg,||woman|summer||short sleeves|||woman||||
550,0#3019.jpg,navy|no pattern|man|summer|shirt|short sleeves|||||||
551,0#3009.jpg,gray|no pattern|man|summer|shirt|short sleeves|||||||
552,0#0003021.jpg,red|no pattern|woman|summer|shirt|short sleeves|||||||
553,0#3022.jpg,navy|dotted|man|summer|shirt|short sleeves|||||||
554,0#3016.jpg,white|no pattern|woman|summer|shirt|long sleeves|||||||
555,0#3010.jpg,blue|no pattern|man|summer|shirt|short sleeves|||||||
556,0#3003.jpg,blue|no pattern|woman|summer|shirt|short sleeves|||||||
557,0#3008.jpg,black|no pattern|woman|summer|shirt|short sleeves|||||||
558,0#3013.jpg,black|||summer|shirt|short sleeves|||woman|||pants|
559,0#0003007.jpg,black|striped|woman|summer|shirt|no sleeves|||||||
560,0#3012.jpg,brown|no pattern|man|summer|shirt|short sleeves|||||||
561,0#0003010.jpg,gray|no pattern|woman|autumn|shirt|long sleeves|||||||
562,0#3015.jpg,black|no pattern|man|summer|shirt|short sleeves|||||||
563,0#0003017.jpg,white|no pattern|woman|summer|shirt|short sleeves|||woman||||
564,0#3002.jpg,navy|no pattern|man|summer|shirt|short sleeves|||||||
565,0#3004.jpg,black|no pattern|man|summer|shirt|short sleeves|||||||
566,0#3005.jpg,white|no pattern|woman|summer|shirt|short sleeves|||||||
567,0#3006.jpg,navy|no pattern|man|summer|shirt|short sleeves|||||||
568,0#3000.jpg,navy||man|summer|shirt|short sleeves|||woman||||
569,0#2997.jpg,black|striped|woman|summer|shirt|short sleeves|||||||
570,0#3001.jpg,green|no pattern|woman|summer|shirt|short sleeves|||||||
571,0#2999.jpg,|||summer||short sleeves||no pattern|woman|summer|short|pants|
572,0#2998.jpg,blue|no pattern|man|summer|shirt|short sleeves|||||||
573,0#2996.jpg,red|no pattern|man|summer|shirt|short sleeves|||||||
574,0#2994.jpg,pink|no pattern|man|summer|shirt|short sleeves|||||||
575,0#2987.jpg,||man||shirt||||||||
576,0#2989.jpg,red|no pattern|woman|summer|vest|no sleeves|red||||||
577,0#2988.jpg,gray|no pattern|man|summer|shirt|short sleeves|||||||
578,0#2983.jpg,blue|no pattern|woman|summer|shirt|short sleeves|||woman||||
579,0#2993.jpg,black|no pattern|man|summer|shirt|short sleeves|||||||
580,0#2991.jpg,black|striped||summer|shirt|short sleeves|||||||
581,0#2986.jpg,green|no pattern|man|summer|shirt|short sleeves|||||||
582,0#0002981.jpg,black|no pattern|man|summer|shirt|short sleeves|||||||
583,0#0002983.jpg,mixed color|checker|man|summer|shirt|short sleeves|||||||
584,0#2979.jpg,orange|no pattern|woman|summer|shirt|short sleeves|||||||
585,0#2974.jpg,red|no pattern|man|summer|shirt|no sleeves|||||||
586,0#0002978.jpg,white|checker|woman|summer|shirt|short sleeves|||||||
587,0#0002978.jpg,|checker||summer|shirt|short sleeves|||||||
588,0#2970.jpg,gray|no pattern|man|summer|shirt|short sleeves|||||||
589,0#3099.jpg,black|no pattern|man|summer|shirt|short sleeves|||||||
590,0#3096.jpg,red|no pattern|woman|summer|shirt|short sleeves|||||||
591,0#3091.jpg,green|no pattern|man|summer|shirt|short sleeves|||||||
592,0#3082.jpg,|no pattern|man|summer|shirt|no sleeves|||woman|||pants|
593,0#0003093.jpg,brown|no pattern|woman|spring|shirt|short sleeves|||||||
594,0#3095.jpg,white|no pattern|man|summer|shirt|short sleeves|||||||
595,0#3090.jpg,brown|no pattern|man|summer|shirt|short sleeves|||||||
596,0#3087.jpg,|striped|woman|summer|shirt|short sleeves|||||||
597,0#3088.jpg,white|no pattern|woman|summer|shirt|short sleeves|||||||
598,0#0003088.jpg,gray||man|summer|shirt|short sleeves||||||pants|
599,0#3081.jpg,black|no pattern|man|summer|shirt|short sleeves|||||||
600,0#0003085.jpg,gray|no pattern|man|summer||short sleeves|||||||
601,0#3089.jpg,red|no pattern|man|summer|shirt|short sleeves|||||||
602,0#3086.jpg,red|no pattern|man|summer|shirt|short sleeves|||||||
603,0#3085.jpg,orange|no pattern|man|summer|shirt|short sleeves|||||||
604,0#0003082.jpg,gray|no pattern|man|summer|shirt|short sleeves|||||||
605,0#3077.jpg,black|no pattern|man|summer|shirt|short sleeves|||||||
606,0#0003078.jpg,|||summer|shirt|short sleeves||||||pants|
607,0#3076.jpg,white|no pattern|woman|summer|shirt|short sleeves|||||||
608,0#3080.jpg,navy|no pattern|man|summer|shirt|short sleeves|||||||
609,0#3074.jpg,orange|no pattern|woman|summer|shirt|short sleeves|||||||
610,0#3069.jpg,black|custom pattern|woman|summer|shirt|short sleeves|||||||
611,0#3073.jpg,orange|no pattern|man|summer|shirt|short sleeves|||||||
612,0#3070.jpg,red||man|summer|shirt|short sleeves|||||||
613,0#3065.jpg,blue|no pattern|woman|summer|shirt|short sleeves|||||||
614,0#3068.jpg,white|no pattern|man|summer|shirt|short sleeves|||||||
615,0#0003062.jpg,navy|dotted|woman|summer|shirt|long sleeves|||||||
616,0#3062.jpg,navy|no pattern|woman|summer|shirt|short sleeves|||||||
617,0#3060.jpg,orange|custom pattern|woman|summer|shirt|short sleeves|||||||
618,0#3058.jpg,navy|no pattern|man|summer|shirt|short sleeves|||||||
619,0#3063.jpg,white|no pattern|woman|summer|shirt|short sleeves|||||||
620,0#3055.jpg,white|no pattern|man|summer|shirt|short sleeves|||||||
621,0#3057.jpg,black|no pattern|man|summer|vest|short sleeves|||||||
622,0#3049.jpg,black|no pattern|man|summer|shirt|short sleeves|||||||
623,0#3059.jpg,black|no pattern|man|summer|shirt|short sleeves|||||||
624,0#0003054.jpg,gray|no pattern|man|summer|shirt|short sleeves|||||||
625,0#3053.jpg,black|no pattern|man|summer|shirt|short sleeves|||||||
626,0#3054.jpg,black|floral|woman|summer|shirt|short sleeves|||||||
627,0#3051.jpg,black|no pattern|man|summer|shirt|short sleeves|||||||
628,0#3047.jpg,white|no pattern|woman|summer|shirt|short sleeves|||woman||||
629,0#3044.jpg,gray|striped|woman|summer|shirt|short sleeves|||||||
630,0#3034.jpg,|striped|woman|summer|shirt|short sleeves|||||||
631,0#3048.jpg,green|no pattern|man|summer|shirt|short sleeves|||||||
632,0#3046.jpg,green|no pattern|man|spring|shirt|short sleeves|||||||
633,0#3038.jpg,red|no pattern|woman|summer|shirt|long sleeves|||||||
634,0#3035.jpg,blue|no pattern|man|summer|shirt|short sleeves|||||||
635,0#3041.jpg,red|dotted|woman|summer|shirt|short sleeves|||||||
636,0#3040.jpg,blue|no pattern|man|summer|shirt|short sleeves|||||||
637,0#3031.jpg,blue|checker|woman|spring|shirt|long sleeves|||||||
638,0#3032.jpg,navy||man|summer|shirt|short sleeves|||||||
639,0#3028.jpg,red|no pattern|woman|summer|shirt|short sleeves|||||||
640,0#3029.jpg,white||man|summer|shirt|short sleeves|||||||
641,0#3033.jpg,white|striped|woman|summer|shirt|short sleeves|||||||
642,0#3024.jpg,red|no pattern|man|summer|shirt|short sleeves|||||||
643,0#0003025.jpg,black||man|summer||short sleeves|||||||
644,0#3027.jpg,orange|no pattern|woman|summer|shirt|short sleeves|||||||
645,0#3163.jpg,orange|no pattern|man|summer|shirt|short sleeves|||||||
646,0#3162.jpg,green|no pattern|man|summer|shirt|short sleeves|||||||
647,0#3166.jpg,navy||man|summer|shirt|short sleeves|||||||
648,0#3165.jpg,red|no pattern|woman||shirt|short sleeves||||||pants|
649,0#0003156.jpg,blue|checker|woman|autumn|shirt|long sleeves|||||||
650,0#3153.jpg,black|floral|woman|autumn|jacket|long sleeves|||||||
651,0#3158.jpg,gray|no pattern|woman|summer|shirt|short sleeves|||||||
652,0#3152.jpg,|striped|||||||||||
653,0#3155.jpg,blue|no pattern|man|summer|shirt|short sleeves|||||||
654,0#3146.jpg,black||man|summer|shirt|short sleeves|||||||
655,0#0003150.jpg,||||||||||||
656,0#3151.jpg,black|no pattern||summer|shirt|short sleeves|||||||
657,0#3150.jpg,black|no pattern|man|summer|shirt|short sleeves|||||||
658,0#3148.jpg,red|no pattern|woman|summer|shirt|short sleeves|||||||
659,0#3145.jpg,white||man|summer|shirt|short sleeves|||||||
660,0#3137.jpg,white||woman|summer|shirt|short sleeves|||woman|||pants|
661,0#3140.jpg,|||summer||short sleeves|black|no pattern|woman|||pants|
662,0#3147.jpg,navy|no pattern|man|summer|shirt|short sleeves|||||||
663,0#3143.jpg,||man|summer|shirt|short sleeves|||||||
664,0#0003138.jpg,black|no pattern|woman|summer|shirt|short sleeves|||||||
665,0#3139.jpg,blue|floral|woman|summer|shirt|short sleeves|||||||
666,0#3135.jpg,gray|no pattern|man|summer|shirt|short sleeves|||||||
667,0#0003132.jpg,||||||||||||
668,0#3141.jpg,gray|no pattern|man|summer|shirt|short sleeves|||||||
669,0#3136.jpg,black|no pattern|man|summer|shirt|short sleeves|||||||
670,0#3133.jpg,orange|no pattern|woman|summer|shirt|short sleeves|||||||
671,0#3134.jpg,gray|no pattern|man|summer|shirt|short sleeves|||||||
672,0#3130.jpg,|striped|||shirt|short sleeves|||woman||||
673,0#3132.jpg,orange|no pattern|woman|summer|shirt|short sleeves|||||||
674,0#3131.jpg,navy|no pattern|man|summer|shirt|short sleeves|||||||
675,0#3123.jpg,orange|no pattern|woman|summer|shirt|short sleeves|||||||
676,0#3129.jpg,blue|no pattern|woman|summer|shirt|short sleeves|||||||
677,0#0003125.jpg,black|no pattern|woman|summer|vest|no sleeves|||||||
678,0#3118.jpg,green|no pattern|man|summer|shirt|short sleeves|||||||
679,0#3126.jpg,black|floral|woman|summer|shirt|short sleeves|||||||
680,0#3116.jpg,black|no pattern|man|summer|shirt|short sleeves|||||||
681,0#3125.jpg,navy|no pattern|man|summer|shirt|short sleeves|||||||
682,0#3122.jpg,red|striped|man|summer|shirt|short sleeves|||||||
683,0#3117.jpg,black|no pattern|woman|summer|shirt|short sleeves|||woman|||pants|
684,0#0003114.jpg,black|dotted|man|summer|shirt|no sleeves|||||||
685,0#3107.jpg,red|no pattern|man|summer|shirt|short sleeves|||||||
686,0#3107.jpg,red||man|summer|vest|short sleeves|||woman|||pants|
687,0#0003111.jpg,black|striped|woman|summer|shirt|short sleeves|||||||
688,0#3103.jpg,white|no pattern|woman|summer|shirt|short sleeves|||||||
689,0#3111.jpg,red|no pattern|woman|summer|shirt|short sleeves|||||||
690,0#3104.jpg,red|no pattern|man|summer|shirt|short sleeves|||||||
691,0#0003106.jpg,pink|striped|woman|summer|shirt|short sleeves|||||||
692,0#3110.jpg,red|striped|woman|summer|shirt|short sleeves|||||||
693,0#3105.jpg,red|no pattern|woman|summer|shirt|short sleeves|||||||
694,0#3102.jpg,black||man|summer|shirt|short sleeves|||||||
695,0#0003102.jpg,|checker|woman||shirt|short sleeves|||||||
696,0#0003099.jpg,brown|no pattern|man|summer|shirt|short sleeves|||||||
697,0#0003100.jpg,red|no pattern|woman|winter|parka|long sleeves|||||||
698,0#3100.jpg,pink|no pattern|man|summer|shirt|short sleeves|||||||
699,0#3098.jpg,black|striped|man|summer|shirt|short sleeves|||||||
700,0#0003200.jpg,black|no pattern|woman|summer|shirt|short sleeves|||||||
701,0#3201.jpg,black|no pattern|man|summer|shirt|short sleeves|||||||
702,0#3196.jpg,||||||||woman||||
703,0#3195.jpg,green|no pattern|woman|summer|shirt|short sleeves|||||||
704,0#3200.jpg,navy|striped|man|summer|shirt|short sleeves|||||||
705,0#3194.jpg,black|striped|woman|summer|shirt|short sleeves|||||||
706,0#3199.jpg,navy|floral|woman|summer|shirt|short sleeves|||||||
707,0#3197.jpg,navy|no pattern|man|summer|shirt|short sleeves|||||||
708,0#3193.jpg,white|no pattern|man|summer|shirt|short sleeves||no pattern|woman|||pants|
709,0#3191.jpg,black|no pattern|man|summer|shirt|short sleeves|||||||
710,0#0003184.jpg,red|no pattern|man|summer|shirt|short sleeves|||||||
711,0#3187.jpg,orange|no pattern|man|summer|shirt|short sleeves|||||||
712,0#3186.jpg,green|no pattern|woman|summer|shirt|short sleeves|||||||
713,0#3181.jpg,white|custom pattern|woman|summer|shirt|short sleeves|||||||
714,0#3183.jpg,navy|dotted|man|summer|shirt|short sleeves|||||||
715,0#0003178.jpg,navy||woman|summer|shirt|no sleeves|||||||
716,0#3184.jpg,yellow|no pattern|woman|summer|shirt|short sleeves|||woman||||
717,0#3180.jpg,||man|summer||short sleeves|||woman|||pants|
718,0#3177.jpg,black|no pattern|man|summer|shirt|short sleeves|||||||
719,0#3167.jpg,blue|no pattern|man|summer|shirt|short sleeves|||||||
720,0#3179.jpg,navy|||summer|shirt|short sleeves||no pattern|woman||||
721,0#3174.jpg,white|no pattern|man|summer|shirt|short sleeves|||||||
722,0#3170.jpg,gray|no pattern|woman|summer|shirt|short sleeves|||||||
723,0#3154.jpg,blue|no pattern|man|summer|shirt|short sleeves|||||||
724,0#3173.jpg,orange|no pattern|woman|summer|shirt|short sleeves|||||||
725,0#0003198.jpg,black|no pattern||summer||short sleeves|||||||
